{"app":["/app-90595656c9228560203b.js"],"component---src-pages-404-js":["/component---src-pages-404-js-62a5479f5bee61daf0eb.js"],"component---src-pages-contact-js":["/component---src-pages-contact-js-bbea5ce8a25135d97fa6.js"],"component---src-pages-index-js":["/component---src-pages-index-js-1d70b37eb958aa29679e.js"],"component---src-pages-players-js":["/component---src-pages-players-js-3b847232f96ab6ca790e.js"],"component---src-pages-shop-js":["/component---src-pages-shop-js-98239efa8bdfd45416f6.js"],"component---src-pages-team-js":["/component---src-pages-team-js-00b49717db1830641e12.js"],"component---src-templates-blog-js":["/component---src-templates-blog-js-50a5ff85db307933fe7d.js"],"component---src-templates-page-js":["/component---src-templates-page-js-39eaed862f612cdd749f.js"],"component---src-templates-post-js":["/component---src-templates-post-js-3a9c73da019fb2634710.js"],"component---src-templates-user-js":["/component---src-templates-user-js-11379ed33b6c187e4340.js"]}