{"app":["/app-fb1ca445bde758823b95.js"],"component---src-pages-404-js":["/component---src-pages-404-js-c4e885c53b7155b62f23.js"],"component---src-pages-contact-js":["/component---src-pages-contact-js-aba1ccf7a4700ba1c55d.js"],"component---src-pages-index-js":["/component---src-pages-index-js-8c73d758e2015d633cf4.js"],"component---src-pages-players-js":["/component---src-pages-players-js-5a6adbfa842342bbcbe0.js"],"component---src-pages-shop-js":["/component---src-pages-shop-js-54ca2fec9554b3827145.js"],"component---src-pages-team-js":["/component---src-pages-team-js-4e4122ce59e3b4779371.js"],"component---src-templates-blog-js":["/component---src-templates-blog-js-50a5ff85db307933fe7d.js"],"component---src-templates-page-js":["/component---src-templates-page-js-39eaed862f612cdd749f.js"],"component---src-templates-post-js":["/component---src-templates-post-js-3a9c73da019fb2634710.js"],"component---src-templates-user-js":["/component---src-templates-user-js-11379ed33b6c187e4340.js"]}