{"errors":[],"warnings":[],"namedChunkGroups":{"app":{"chunks":[15,14,3],"assets":["webpack-runtime-874fa2141081da88b1e0.js","webpack-runtime-874fa2141081da88b1e0.js.map","framework-84c9287a5714d2d8ce36.js","framework-84c9287a5714d2d8ce36.js.map","app-fb1ca445bde758823b95.js","app-fb1ca445bde758823b95.js.map"],"children":{},"childAssets":{}},"component---src-pages-404-js":{"chunks":[2,1,0,4],"assets":["styles.4b2803770f0cdc12f834.css","styles-adf20a089d5edc383fbd.js","styles-adf20a089d5edc383fbd.js.map","a9a7754c-60f73c1e4fdab81b2da4.js","a9a7754c-60f73c1e4fdab81b2da4.js.map","9af80a346a2be08d83f4626e46f48c443542d919-603c09a4a52d38239a59.js","9af80a346a2be08d83f4626e46f48c443542d919-603c09a4a52d38239a59.js.map","component---src-pages-404-js-c4e885c53b7155b62f23.js","component---src-pages-404-js-c4e885c53b7155b62f23.js.map"],"children":{},"childAssets":{}},"component---src-pages-contact-js":{"chunks":[2,1,0,5],"assets":["styles.4b2803770f0cdc12f834.css","styles-adf20a089d5edc383fbd.js","styles-adf20a089d5edc383fbd.js.map","a9a7754c-60f73c1e4fdab81b2da4.js","a9a7754c-60f73c1e4fdab81b2da4.js.map","9af80a346a2be08d83f4626e46f48c443542d919-603c09a4a52d38239a59.js","9af80a346a2be08d83f4626e46f48c443542d919-603c09a4a52d38239a59.js.map","component---src-pages-contact-js-aba1ccf7a4700ba1c55d.js","component---src-pages-contact-js-aba1ccf7a4700ba1c55d.js.map"],"children":{},"childAssets":{}},"component---src-pages-index-js":{"chunks":[2,1,0,6],"assets":["styles.4b2803770f0cdc12f834.css","styles-adf20a089d5edc383fbd.js","styles-adf20a089d5edc383fbd.js.map","a9a7754c-60f73c1e4fdab81b2da4.js","a9a7754c-60f73c1e4fdab81b2da4.js.map","9af80a346a2be08d83f4626e46f48c443542d919-603c09a4a52d38239a59.js","9af80a346a2be08d83f4626e46f48c443542d919-603c09a4a52d38239a59.js.map","component---src-pages-index-js-8c73d758e2015d633cf4.js","component---src-pages-index-js-8c73d758e2015d633cf4.js.map"],"children":{},"childAssets":{}},"component---src-pages-players-js":{"chunks":[2,1,0,7],"assets":["styles.4b2803770f0cdc12f834.css","styles-adf20a089d5edc383fbd.js","styles-adf20a089d5edc383fbd.js.map","a9a7754c-60f73c1e4fdab81b2da4.js","a9a7754c-60f73c1e4fdab81b2da4.js.map","9af80a346a2be08d83f4626e46f48c443542d919-603c09a4a52d38239a59.js","9af80a346a2be08d83f4626e46f48c443542d919-603c09a4a52d38239a59.js.map","component---src-pages-players-js-5a6adbfa842342bbcbe0.js","component---src-pages-players-js-5a6adbfa842342bbcbe0.js.map"],"children":{},"childAssets":{}},"component---src-pages-shop-js":{"chunks":[2,1,0,8],"assets":["styles.4b2803770f0cdc12f834.css","styles-adf20a089d5edc383fbd.js","styles-adf20a089d5edc383fbd.js.map","a9a7754c-60f73c1e4fdab81b2da4.js","a9a7754c-60f73c1e4fdab81b2da4.js.map","9af80a346a2be08d83f4626e46f48c443542d919-603c09a4a52d38239a59.js","9af80a346a2be08d83f4626e46f48c443542d919-603c09a4a52d38239a59.js.map","component---src-pages-shop-js-54ca2fec9554b3827145.js","component---src-pages-shop-js-54ca2fec9554b3827145.js.map"],"children":{},"childAssets":{}},"component---src-pages-team-js":{"chunks":[2,1,0,9],"assets":["styles.4b2803770f0cdc12f834.css","styles-adf20a089d5edc383fbd.js","styles-adf20a089d5edc383fbd.js.map","a9a7754c-60f73c1e4fdab81b2da4.js","a9a7754c-60f73c1e4fdab81b2da4.js.map","9af80a346a2be08d83f4626e46f48c443542d919-603c09a4a52d38239a59.js","9af80a346a2be08d83f4626e46f48c443542d919-603c09a4a52d38239a59.js.map","component---src-pages-team-js-4e4122ce59e3b4779371.js","component---src-pages-team-js-4e4122ce59e3b4779371.js.map"],"children":{},"childAssets":{}},"component---src-templates-blog-js":{"chunks":[2,1,0,10],"assets":["styles.4b2803770f0cdc12f834.css","styles-adf20a089d5edc383fbd.js","styles-adf20a089d5edc383fbd.js.map","a9a7754c-60f73c1e4fdab81b2da4.js","a9a7754c-60f73c1e4fdab81b2da4.js.map","9af80a346a2be08d83f4626e46f48c443542d919-603c09a4a52d38239a59.js","9af80a346a2be08d83f4626e46f48c443542d919-603c09a4a52d38239a59.js.map","component---src-templates-blog-js-50a5ff85db307933fe7d.js","component---src-templates-blog-js-50a5ff85db307933fe7d.js.map"],"children":{},"childAssets":{}},"component---src-templates-page-js":{"chunks":[2,1,0,11],"assets":["styles.4b2803770f0cdc12f834.css","styles-adf20a089d5edc383fbd.js","styles-adf20a089d5edc383fbd.js.map","a9a7754c-60f73c1e4fdab81b2da4.js","a9a7754c-60f73c1e4fdab81b2da4.js.map","9af80a346a2be08d83f4626e46f48c443542d919-603c09a4a52d38239a59.js","9af80a346a2be08d83f4626e46f48c443542d919-603c09a4a52d38239a59.js.map","component---src-templates-page-js-39eaed862f612cdd749f.js","component---src-templates-page-js-39eaed862f612cdd749f.js.map"],"children":{},"childAssets":{}},"component---src-templates-post-js":{"chunks":[2,1,0,12],"assets":["styles.4b2803770f0cdc12f834.css","styles-adf20a089d5edc383fbd.js","styles-adf20a089d5edc383fbd.js.map","a9a7754c-60f73c1e4fdab81b2da4.js","a9a7754c-60f73c1e4fdab81b2da4.js.map","9af80a346a2be08d83f4626e46f48c443542d919-603c09a4a52d38239a59.js","9af80a346a2be08d83f4626e46f48c443542d919-603c09a4a52d38239a59.js.map","component---src-templates-post-js-3a9c73da019fb2634710.js","component---src-templates-post-js-3a9c73da019fb2634710.js.map"],"children":{},"childAssets":{}},"component---src-templates-user-js":{"chunks":[2,1,0,13],"assets":["styles.4b2803770f0cdc12f834.css","styles-adf20a089d5edc383fbd.js","styles-adf20a089d5edc383fbd.js.map","a9a7754c-60f73c1e4fdab81b2da4.js","a9a7754c-60f73c1e4fdab81b2da4.js.map","9af80a346a2be08d83f4626e46f48c443542d919-603c09a4a52d38239a59.js","9af80a346a2be08d83f4626e46f48c443542d919-603c09a4a52d38239a59.js.map","component---src-templates-user-js-11379ed33b6c187e4340.js","component---src-templates-user-js-11379ed33b6c187e4340.js.map"],"children":{},"childAssets":{}}},"assetsByChunkName":{"app":["webpack-runtime-874fa2141081da88b1e0.js","framework-84c9287a5714d2d8ce36.js","app-fb1ca445bde758823b95.js"],"component---src-pages-404-js":["styles.4b2803770f0cdc12f834.css","styles-adf20a089d5edc383fbd.js","a9a7754c-60f73c1e4fdab81b2da4.js","9af80a346a2be08d83f4626e46f48c443542d919-603c09a4a52d38239a59.js","component---src-pages-404-js-c4e885c53b7155b62f23.js"],"component---src-pages-contact-js":["styles.4b2803770f0cdc12f834.css","styles-adf20a089d5edc383fbd.js","a9a7754c-60f73c1e4fdab81b2da4.js","9af80a346a2be08d83f4626e46f48c443542d919-603c09a4a52d38239a59.js","component---src-pages-contact-js-aba1ccf7a4700ba1c55d.js"],"component---src-pages-index-js":["styles.4b2803770f0cdc12f834.css","styles-adf20a089d5edc383fbd.js","a9a7754c-60f73c1e4fdab81b2da4.js","9af80a346a2be08d83f4626e46f48c443542d919-603c09a4a52d38239a59.js","component---src-pages-index-js-8c73d758e2015d633cf4.js"],"component---src-pages-players-js":["styles.4b2803770f0cdc12f834.css","styles-adf20a089d5edc383fbd.js","a9a7754c-60f73c1e4fdab81b2da4.js","9af80a346a2be08d83f4626e46f48c443542d919-603c09a4a52d38239a59.js","component---src-pages-players-js-5a6adbfa842342bbcbe0.js"],"component---src-pages-shop-js":["styles.4b2803770f0cdc12f834.css","styles-adf20a089d5edc383fbd.js","a9a7754c-60f73c1e4fdab81b2da4.js","9af80a346a2be08d83f4626e46f48c443542d919-603c09a4a52d38239a59.js","component---src-pages-shop-js-54ca2fec9554b3827145.js"],"component---src-pages-team-js":["styles.4b2803770f0cdc12f834.css","styles-adf20a089d5edc383fbd.js","a9a7754c-60f73c1e4fdab81b2da4.js","9af80a346a2be08d83f4626e46f48c443542d919-603c09a4a52d38239a59.js","component---src-pages-team-js-4e4122ce59e3b4779371.js"],"component---src-templates-blog-js":["styles.4b2803770f0cdc12f834.css","styles-adf20a089d5edc383fbd.js","a9a7754c-60f73c1e4fdab81b2da4.js","9af80a346a2be08d83f4626e46f48c443542d919-603c09a4a52d38239a59.js","component---src-templates-blog-js-50a5ff85db307933fe7d.js"],"component---src-templates-page-js":["styles.4b2803770f0cdc12f834.css","styles-adf20a089d5edc383fbd.js","a9a7754c-60f73c1e4fdab81b2da4.js","9af80a346a2be08d83f4626e46f48c443542d919-603c09a4a52d38239a59.js","component---src-templates-page-js-39eaed862f612cdd749f.js"],"component---src-templates-post-js":["styles.4b2803770f0cdc12f834.css","styles-adf20a089d5edc383fbd.js","a9a7754c-60f73c1e4fdab81b2da4.js","9af80a346a2be08d83f4626e46f48c443542d919-603c09a4a52d38239a59.js","component---src-templates-post-js-3a9c73da019fb2634710.js"],"component---src-templates-user-js":["styles.4b2803770f0cdc12f834.css","styles-adf20a089d5edc383fbd.js","a9a7754c-60f73c1e4fdab81b2da4.js","9af80a346a2be08d83f4626e46f48c443542d919-603c09a4a52d38239a59.js","component---src-templates-user-js-11379ed33b6c187e4340.js"]}}