{"errors":[],"warnings":[],"namedChunkGroups":{"app":{"chunks":[15,14,3],"assets":["webpack-runtime-296c4fc4c822bc22e247.js","webpack-runtime-296c4fc4c822bc22e247.js.map","framework-84c9287a5714d2d8ce36.js","framework-84c9287a5714d2d8ce36.js.map","app-90595656c9228560203b.js","app-90595656c9228560203b.js.map"],"children":{},"childAssets":{}},"component---src-pages-404-js":{"chunks":[2,1,0,4],"assets":["styles.9751b30ae20b6f6f4ec3.css","styles-adf20a089d5edc383fbd.js","styles-adf20a089d5edc383fbd.js.map","a9a7754c-60f73c1e4fdab81b2da4.js","a9a7754c-60f73c1e4fdab81b2da4.js.map","9af80a346a2be08d83f4626e46f48c443542d919-01e56f9a4046785f436c.js","9af80a346a2be08d83f4626e46f48c443542d919-01e56f9a4046785f436c.js.map","component---src-pages-404-js-62a5479f5bee61daf0eb.js","component---src-pages-404-js-62a5479f5bee61daf0eb.js.map"],"children":{},"childAssets":{}},"component---src-pages-contact-js":{"chunks":[2,1,0,5],"assets":["styles.9751b30ae20b6f6f4ec3.css","styles-adf20a089d5edc383fbd.js","styles-adf20a089d5edc383fbd.js.map","a9a7754c-60f73c1e4fdab81b2da4.js","a9a7754c-60f73c1e4fdab81b2da4.js.map","9af80a346a2be08d83f4626e46f48c443542d919-01e56f9a4046785f436c.js","9af80a346a2be08d83f4626e46f48c443542d919-01e56f9a4046785f436c.js.map","component---src-pages-contact-js-bbea5ce8a25135d97fa6.js","component---src-pages-contact-js-bbea5ce8a25135d97fa6.js.map"],"children":{},"childAssets":{}},"component---src-pages-index-js":{"chunks":[2,1,0,6],"assets":["styles.9751b30ae20b6f6f4ec3.css","styles-adf20a089d5edc383fbd.js","styles-adf20a089d5edc383fbd.js.map","a9a7754c-60f73c1e4fdab81b2da4.js","a9a7754c-60f73c1e4fdab81b2da4.js.map","9af80a346a2be08d83f4626e46f48c443542d919-01e56f9a4046785f436c.js","9af80a346a2be08d83f4626e46f48c443542d919-01e56f9a4046785f436c.js.map","component---src-pages-index-js-1d70b37eb958aa29679e.js","component---src-pages-index-js-1d70b37eb958aa29679e.js.map"],"children":{},"childAssets":{}},"component---src-pages-players-js":{"chunks":[2,1,0,7],"assets":["styles.9751b30ae20b6f6f4ec3.css","styles-adf20a089d5edc383fbd.js","styles-adf20a089d5edc383fbd.js.map","a9a7754c-60f73c1e4fdab81b2da4.js","a9a7754c-60f73c1e4fdab81b2da4.js.map","9af80a346a2be08d83f4626e46f48c443542d919-01e56f9a4046785f436c.js","9af80a346a2be08d83f4626e46f48c443542d919-01e56f9a4046785f436c.js.map","component---src-pages-players-js-3b847232f96ab6ca790e.js","component---src-pages-players-js-3b847232f96ab6ca790e.js.map"],"children":{},"childAssets":{}},"component---src-pages-shop-js":{"chunks":[2,1,0,8],"assets":["styles.9751b30ae20b6f6f4ec3.css","styles-adf20a089d5edc383fbd.js","styles-adf20a089d5edc383fbd.js.map","a9a7754c-60f73c1e4fdab81b2da4.js","a9a7754c-60f73c1e4fdab81b2da4.js.map","9af80a346a2be08d83f4626e46f48c443542d919-01e56f9a4046785f436c.js","9af80a346a2be08d83f4626e46f48c443542d919-01e56f9a4046785f436c.js.map","component---src-pages-shop-js-98239efa8bdfd45416f6.js","component---src-pages-shop-js-98239efa8bdfd45416f6.js.map"],"children":{},"childAssets":{}},"component---src-pages-team-js":{"chunks":[2,1,0,9],"assets":["styles.9751b30ae20b6f6f4ec3.css","styles-adf20a089d5edc383fbd.js","styles-adf20a089d5edc383fbd.js.map","a9a7754c-60f73c1e4fdab81b2da4.js","a9a7754c-60f73c1e4fdab81b2da4.js.map","9af80a346a2be08d83f4626e46f48c443542d919-01e56f9a4046785f436c.js","9af80a346a2be08d83f4626e46f48c443542d919-01e56f9a4046785f436c.js.map","component---src-pages-team-js-00b49717db1830641e12.js","component---src-pages-team-js-00b49717db1830641e12.js.map"],"children":{},"childAssets":{}},"component---src-templates-blog-js":{"chunks":[2,1,0,10],"assets":["styles.9751b30ae20b6f6f4ec3.css","styles-adf20a089d5edc383fbd.js","styles-adf20a089d5edc383fbd.js.map","a9a7754c-60f73c1e4fdab81b2da4.js","a9a7754c-60f73c1e4fdab81b2da4.js.map","9af80a346a2be08d83f4626e46f48c443542d919-01e56f9a4046785f436c.js","9af80a346a2be08d83f4626e46f48c443542d919-01e56f9a4046785f436c.js.map","component---src-templates-blog-js-50a5ff85db307933fe7d.js","component---src-templates-blog-js-50a5ff85db307933fe7d.js.map"],"children":{},"childAssets":{}},"component---src-templates-page-js":{"chunks":[2,1,0,11],"assets":["styles.9751b30ae20b6f6f4ec3.css","styles-adf20a089d5edc383fbd.js","styles-adf20a089d5edc383fbd.js.map","a9a7754c-60f73c1e4fdab81b2da4.js","a9a7754c-60f73c1e4fdab81b2da4.js.map","9af80a346a2be08d83f4626e46f48c443542d919-01e56f9a4046785f436c.js","9af80a346a2be08d83f4626e46f48c443542d919-01e56f9a4046785f436c.js.map","component---src-templates-page-js-39eaed862f612cdd749f.js","component---src-templates-page-js-39eaed862f612cdd749f.js.map"],"children":{},"childAssets":{}},"component---src-templates-post-js":{"chunks":[2,1,0,12],"assets":["styles.9751b30ae20b6f6f4ec3.css","styles-adf20a089d5edc383fbd.js","styles-adf20a089d5edc383fbd.js.map","a9a7754c-60f73c1e4fdab81b2da4.js","a9a7754c-60f73c1e4fdab81b2da4.js.map","9af80a346a2be08d83f4626e46f48c443542d919-01e56f9a4046785f436c.js","9af80a346a2be08d83f4626e46f48c443542d919-01e56f9a4046785f436c.js.map","component---src-templates-post-js-3a9c73da019fb2634710.js","component---src-templates-post-js-3a9c73da019fb2634710.js.map"],"children":{},"childAssets":{}},"component---src-templates-user-js":{"chunks":[2,1,0,13],"assets":["styles.9751b30ae20b6f6f4ec3.css","styles-adf20a089d5edc383fbd.js","styles-adf20a089d5edc383fbd.js.map","a9a7754c-60f73c1e4fdab81b2da4.js","a9a7754c-60f73c1e4fdab81b2da4.js.map","9af80a346a2be08d83f4626e46f48c443542d919-01e56f9a4046785f436c.js","9af80a346a2be08d83f4626e46f48c443542d919-01e56f9a4046785f436c.js.map","component---src-templates-user-js-11379ed33b6c187e4340.js","component---src-templates-user-js-11379ed33b6c187e4340.js.map"],"children":{},"childAssets":{}}},"assetsByChunkName":{"app":["webpack-runtime-296c4fc4c822bc22e247.js","framework-84c9287a5714d2d8ce36.js","app-90595656c9228560203b.js"],"component---src-pages-404-js":["styles.9751b30ae20b6f6f4ec3.css","styles-adf20a089d5edc383fbd.js","a9a7754c-60f73c1e4fdab81b2da4.js","9af80a346a2be08d83f4626e46f48c443542d919-01e56f9a4046785f436c.js","component---src-pages-404-js-62a5479f5bee61daf0eb.js"],"component---src-pages-contact-js":["styles.9751b30ae20b6f6f4ec3.css","styles-adf20a089d5edc383fbd.js","a9a7754c-60f73c1e4fdab81b2da4.js","9af80a346a2be08d83f4626e46f48c443542d919-01e56f9a4046785f436c.js","component---src-pages-contact-js-bbea5ce8a25135d97fa6.js"],"component---src-pages-index-js":["styles.9751b30ae20b6f6f4ec3.css","styles-adf20a089d5edc383fbd.js","a9a7754c-60f73c1e4fdab81b2da4.js","9af80a346a2be08d83f4626e46f48c443542d919-01e56f9a4046785f436c.js","component---src-pages-index-js-1d70b37eb958aa29679e.js"],"component---src-pages-players-js":["styles.9751b30ae20b6f6f4ec3.css","styles-adf20a089d5edc383fbd.js","a9a7754c-60f73c1e4fdab81b2da4.js","9af80a346a2be08d83f4626e46f48c443542d919-01e56f9a4046785f436c.js","component---src-pages-players-js-3b847232f96ab6ca790e.js"],"component---src-pages-shop-js":["styles.9751b30ae20b6f6f4ec3.css","styles-adf20a089d5edc383fbd.js","a9a7754c-60f73c1e4fdab81b2da4.js","9af80a346a2be08d83f4626e46f48c443542d919-01e56f9a4046785f436c.js","component---src-pages-shop-js-98239efa8bdfd45416f6.js"],"component---src-pages-team-js":["styles.9751b30ae20b6f6f4ec3.css","styles-adf20a089d5edc383fbd.js","a9a7754c-60f73c1e4fdab81b2da4.js","9af80a346a2be08d83f4626e46f48c443542d919-01e56f9a4046785f436c.js","component---src-pages-team-js-00b49717db1830641e12.js"],"component---src-templates-blog-js":["styles.9751b30ae20b6f6f4ec3.css","styles-adf20a089d5edc383fbd.js","a9a7754c-60f73c1e4fdab81b2da4.js","9af80a346a2be08d83f4626e46f48c443542d919-01e56f9a4046785f436c.js","component---src-templates-blog-js-50a5ff85db307933fe7d.js"],"component---src-templates-page-js":["styles.9751b30ae20b6f6f4ec3.css","styles-adf20a089d5edc383fbd.js","a9a7754c-60f73c1e4fdab81b2da4.js","9af80a346a2be08d83f4626e46f48c443542d919-01e56f9a4046785f436c.js","component---src-templates-page-js-39eaed862f612cdd749f.js"],"component---src-templates-post-js":["styles.9751b30ae20b6f6f4ec3.css","styles-adf20a089d5edc383fbd.js","a9a7754c-60f73c1e4fdab81b2da4.js","9af80a346a2be08d83f4626e46f48c443542d919-01e56f9a4046785f436c.js","component---src-templates-post-js-3a9c73da019fb2634710.js"],"component---src-templates-user-js":["styles.9751b30ae20b6f6f4ec3.css","styles-adf20a089d5edc383fbd.js","a9a7754c-60f73c1e4fdab81b2da4.js","9af80a346a2be08d83f4626e46f48c443542d919-01e56f9a4046785f436c.js","component---src-templates-user-js-11379ed33b6c187e4340.js"]}}