{"data":{"allWordpressPost":{"edges":[{"node":{"id":"9f9dcad0-b6cd-5490-a332-6ca1416d9b3c","title":"Testing Gatsby with Headless WordPress","excerpt":"<p>Yo, this seems pretty cool. Does it render HTML, though?</p>\n","date":"2020-04-20T23:32:25.000Z","author":{"avatar_urls":{"wordpress_48":"http://2.gravatar.com/avatar/8f1356228b0f02bbed4b5327dc58c542?s=48&d=mm&r=g"},"name":"editpopflyxp_q5y2w2","slug":"editpopflyxp_q5y2w2","wordpress_id":1},"slug":"testing-gatsby-with-headless-wordpress","wordpress_id":5,"modified":"2020-04-20T23:32:25.000Z","content":"\n<p>Yo, this seems pretty cool.</p>\n\n\n\n<p>Does it render <strong>HTML</strong>, though?</p>\n"}},{"node":{"id":"6a8806f5-fc30-5a86-88db-973b41acec9b","title":"Hello world!","excerpt":"<p>Welcome to WordPress. This is your first post. Edit or delete it, then start writing!</p>\n","date":"2020-04-20T23:13:04.000Z","author":{"avatar_urls":{"wordpress_48":"http://2.gravatar.com/avatar/8f1356228b0f02bbed4b5327dc58c542?s=48&d=mm&r=g"},"name":"editpopflyxp_q5y2w2","slug":"editpopflyxp_q5y2w2","wordpress_id":1},"slug":"hello-world","wordpress_id":1,"modified":"2020-04-20T23:13:04.000Z","content":"\n<p>Welcome to WordPress. This is your first post. Edit or delete it, then start writing!</p>\n"}}]}}}